No,Start_time,End_time,hall,Now_show,Date
1,08:00:00,N/A,1,N/A,2021-10-31
2,11:00:00,N/A,1,N/A,2021-10-31
3,14:00:00,N/A,1,N/A,2021-10-31
4,17:00:00,N/A,1,N/A,2021-10-31
5,20:00:00,N/A,1,N/A,2021-10-31
6,21:00:00,N/A,1,N/A,2021-10-31
7,08:00:00,N/A,2,N/A,2021-10-31
8,11:00:00,N/A,2,N/A,2021-10-31
9,14:00:00,N/A,2,N/A,2021-10-31
10,17:00:00,N/A,2,N/A,2021-10-31
11,20:00:00,N/A,2,N/A,2021-10-31
12,21:00:00,N/A,2,N/A,2021-10-31
13,08:00:00,N/A,3,N/A,2021-10-31
14,11:00:00,N/A,3,N/A,2021-10-31
15,14:00:00,N/A,3,N/A,2021-10-31
16,17:00:00,N/A,3,N/A,2021-10-31
17,20:00:00,N/A,3,N/A,2021-10-31
18,21:00:00,N/A,3,N/A,2021-10-31
19,08:00:00,N/A,1,N/A,2021-11-01
20,11:00:00,N/A,1,N/A,2021-11-01
21,14:00:00,N/A,1,N/A,2021-11-01
22,17:00:00,N/A,1,N/A,2021-11-01
23,20:00:00,N/A,1,N/A,2021-11-01
24,21:00:00,N/A,1,N/A,2021-11-01
25,08:00:00,N/A,2,N/A,2021-11-01
26,11:00:00,N/A,2,N/A,2021-11-01
27,14:00:00,N/A,2,N/A,2021-11-01
28,17:00:00,N/A,2,N/A,2021-11-01
29,20:00:00,N/A,2,N/A,2021-11-01
30,21:00:00,N/A,2,N/A,2021-11-01
31,08:00:00,N/A,3,N/A,2021-11-01
32,11:00:00,N/A,3,N/A,2021-11-01
33,14:00:00,N/A,3,N/A,2021-11-01
34,17:00:00,N/A,3,N/A,2021-11-01
35,20:00:00,N/A,3,N/A,2021-11-01
36,21:00:00,N/A,3,N/A,2021-11-01
37,08:00:00,N/A,1,N/A,2021-11-02
38,11:00:00,N/A,1,N/A,2021-11-02
39,14:00:00,N/A,1,N/A,2021-11-02
40,17:00:00,N/A,1,N/A,2021-11-02
41,20:00:00,N/A,1,N/A,2021-11-02
42,21:00:00,N/A,1,N/A,2021-11-02
43,08:00:00,N/A,2,N/A,2021-11-02
44,11:00:00,N/A,2,N/A,2021-11-02
45,14:00:00,N/A,2,N/A,2021-11-02
46,17:00:00,N/A,2,N/A,2021-11-02
47,20:00:00,N/A,2,N/A,2021-11-02
48,21:00:00,N/A,2,N/A,2021-11-02
49,08:00:00,N/A,3,N/A,2021-11-02
50,11:00:00,N/A,3,N/A,2021-11-02
51,14:00:00,N/A,3,N/A,2021-11-02
52,17:00:00,N/A,3,N/A,2021-11-02
53,20:00:00,N/A,3,N/A,2021-11-02
54,21:00:00,N/A,3,N/A,2021-11-02
55,08:00:00,N/A,1,N/A,2021-11-03
56,11:00:00,N/A,1,N/A,2021-11-03
57,14:00:00,N/A,1,N/A,2021-11-03
58,17:00:00,N/A,1,N/A,2021-11-03
59,20:00:00,N/A,1,N/A,2021-11-03
60,21:00:00,N/A,1,N/A,2021-11-03
61,08:00:00,N/A,2,N/A,2021-11-03
62,11:00:00,N/A,2,N/A,2021-11-03
63,14:00:00,N/A,2,N/A,2021-11-03
64,17:00:00,N/A,2,N/A,2021-11-03
65,20:00:00,N/A,2,N/A,2021-11-03
66,21:00:00,N/A,2,N/A,2021-11-03
67,08:00:00,N/A,3,N/A,2021-11-03
68,11:00:00,N/A,3,N/A,2021-11-03
69,14:00:00,N/A,3,N/A,2021-11-03
70,17:00:00,N/A,3,N/A,2021-11-03
71,20:00:00,N/A,3,N/A,2021-11-03
72,21:00:00,N/A,3,N/A,2021-11-03
73,08:00:00,N/A,1,N/A,2021-11-04
74,11:00:00,N/A,1,N/A,2021-11-04
75,14:00:00,N/A,1,N/A,2021-11-04
76,17:00:00,N/A,1,N/A,2021-11-04
77,20:00:00,N/A,1,N/A,2021-11-04
78,21:00:00,N/A,1,N/A,2021-11-04
79,08:00:00,N/A,2,N/A,2021-11-04
80,11:00:00,N/A,2,N/A,2021-11-04
81,14:00:00,N/A,2,N/A,2021-11-04
82,17:00:00,N/A,2,N/A,2021-11-04
83,20:00:00,N/A,2,N/A,2021-11-04
84,21:00:00,N/A,2,N/A,2021-11-04
85,08:00:00,N/A,3,N/A,2021-11-04
86,11:00:00,N/A,3,N/A,2021-11-04
87,14:00:00,N/A,3,N/A,2021-11-04
88,17:00:00,N/A,3,N/A,2021-11-04
89,20:00:00,N/A,3,N/A,2021-11-04
90,21:00:00,N/A,3,N/A,2021-11-04
91,8:00:00,10:10:20,1,Anabelle,2021-11-05
92,11:00:00,13:10:20,1,Anabelle,2021-11-05
93,14:00:00,16:10:20,1,Anabelle,2021-11-05
94,17:00:00,19:10:20,1,Anabelle,2021-11-05
95,20:00:00,22:10:20,1,Anabelle,2021-11-05
96,21:00:00,23:10:20,1,Anabelle,2021-11-05
97,8:00:00,10:10:20,2,Anabelle,2021-11-05
98,11:00:00,13:10:20,2,Anabelle,2021-11-05
99,14:00:00,16:10:20,2,Anabelle,2021-11-05
100,17:00:00,19:10:20,2,Anabelle,2021-11-05
101,20:00:00,22:10:20,2,Anabelle,2021-11-05
102,21:00:00,23:10:20,2,Anabelle,2021-11-05
103,8:00:00,10:10:20,3,Anabelle,2021-11-05
104,11:00:00,13:10:20,3,Anabelle,2021-11-05
105,14:00:00,16:10:20,3,Anabelle,2021-11-05
106,17:00:00,19:10:20,3,Anabelle,2021-11-05
107,20:00:00,22:10:20,3,Anabelle,2021-11-05
108,21:00:00,23:10:20,3,Anabelle,2021-11-05
109,8:00:00,10:10:20,1,Anabelle,2021-11-06
110,11:00:00,13:10:20,1,Anabelle,2021-11-06
111,14:00:00,16:10:20,1,Anabelle,2021-11-06
112,17:00:00,19:10:20,1,Anabelle,2021-11-06
113,20:00:00,22:10:20,1,Anabelle,2021-11-06
114,21:00:00,23:10:20,1,Anabelle,2021-11-06
115,8:00:00,10:10:20,2,Anabelle,2021-11-06
116,11:00:00,13:10:20,2,Anabelle,2021-11-06
117,14:00:00,16:10:20,2,Anabelle,2021-11-06
118,17:00:00,19:10:20,2,Anabelle,2021-11-06
119,20:00:00,22:10:20,2,Anabelle,2021-11-06
120,21:00:00,23:10:20,2,Anabelle,2021-11-06
121,8:00:00,10:10:20,3,Anabelle,2021-11-06
122,11:00:00,13:10:20,3,Anabelle,2021-11-06
123,14:00:00,16:10:20,3,Anabelle,2021-11-06
124,17:00:00,19:10:20,3,Anabelle,2021-11-06
125,20:00:00,22:10:20,3,Anabelle,2021-11-06
126,21:00:00,23:10:20,3,Anabelle,2021-11-06
127,8:00:00,10:10:20,1,Anabelle,2021-11-07
128,11:00:00,13:10:20,1,Anabelle,2021-11-07
129,14:00:00,16:10:20,1,Anabelle,2021-11-07
130,17:00:00,19:10:20,1,Anabelle,2021-11-07
131,20:00:00,22:10:20,1,Anabelle,2021-11-07
132,21:00:00,23:10:20,1,Anabelle,2021-11-07
133,8:00:00,10:10:20,2,Anabelle,2021-11-07
134,11:00:00,13:10:20,2,Anabelle,2021-11-07
135,14:00:00,16:10:20,2,Anabelle,2021-11-07
136,17:00:00,19:10:20,2,Anabelle,2021-11-07
137,20:00:00,22:10:20,2,Anabelle,2021-11-07
138,21:00:00,23:10:20,2,Anabelle,2021-11-07
139,8:00:00,10:10:20,3,Anabelle,2021-11-07
140,11:00:00,13:10:20,3,Anabelle,2021-11-07
141,14:00:00,16:10:20,3,Anabelle,2021-11-07
142,17:00:00,19:10:20,3,Anabelle,2021-11-07
143,20:00:00,22:10:20,3,Anabelle,2021-11-07
144,21:00:00,23:10:20,3,Anabelle,2021-11-07
145,8:00:00,10:10:20,1,Anabelle,2021-11-08
146,11:00:00,13:10:20,1,Anabelle,2021-11-08
147,14:00:00,16:10:20,1,Anabelle,2021-11-08
148,17:00:00,19:10:20,1,Anabelle,2021-11-08
149,20:00:00,22:10:20,1,Anabelle,2021-11-08
150,21:00:00,23:10:20,1,Anabelle,2021-11-08
151,8:00:00,10:10:20,2,Anabelle,2021-11-08
152,11:00:00,13:10:20,2,Anabelle,2021-11-08
153,14:00:00,16:10:20,2,Anabelle,2021-11-08
154,17:00:00,19:10:20,2,Anabelle,2021-11-08
155,20:00:00,22:10:20,2,Anabelle,2021-11-08
156,21:00:00,23:10:20,2,Anabelle,2021-11-08
157,8:00:00,10:10:20,3,Anabelle,2021-11-08
158,11:00:00,13:10:20,3,Anabelle,2021-11-08
159,14:00:00,16:10:20,3,Anabelle,2021-11-08
160,17:00:00,19:10:20,3,Anabelle,2021-11-08
161,20:00:00,22:10:20,3,Anabelle,2021-11-08
162,21:00:00,23:10:20,3,Anabelle,2021-11-08
163,8:00:00,10:10:20,1,Anabelle,2021-11-09
164,11:00:00,13:10:20,1,Anabelle,2021-11-09
165,14:00:00,16:10:20,1,Anabelle,2021-11-09
166,17:00:00,19:10:20,1,Anabelle,2021-11-09
167,20:00:00,22:10:20,1,Anabelle,2021-11-09
168,21:00:00,23:10:20,1,Anabelle,2021-11-09
169,8:00:00,10:10:20,2,Anabelle,2021-11-09
170,11:00:00,13:10:20,2,Anabelle,2021-11-09
171,14:00:00,16:10:20,2,Anabelle,2021-11-09
172,17:00:00,19:10:20,2,Anabelle,2021-11-09
173,20:00:00,22:10:20,2,Anabelle,2021-11-09
174,21:00:00,23:10:20,2,Anabelle,2021-11-09
175,8:00:00,10:10:20,3,Anabelle,2021-11-09
176,11:00:00,13:10:20,3,Anabelle,2021-11-09
177,14:00:00,16:10:20,3,Anabelle,2021-11-09
178,17:00:00,19:10:20,3,Anabelle,2021-11-09
179,20:00:00,22:10:20,3,Anabelle,2021-11-09
180,21:00:00,23:10:20,3,Anabelle,2021-11-09
181,8:00:00,10:10:20,1,Anabelle,2021-11-10
182,11:00:00,13:10:20,1,Anabelle,2021-11-10
183,14:00:00,16:10:20,1,Anabelle,2021-11-10
184,17:00:00,19:10:20,1,Anabelle,2021-11-10
185,20:00:00,22:10:20,1,Anabelle,2021-11-10
186,21:00:00,23:10:20,1,Anabelle,2021-11-10
187,8:00:00,10:10:20,2,Anabelle,2021-11-10
188,11:00:00,13:10:20,2,Anabelle,2021-11-10
189,14:00:00,16:10:20,2,Anabelle,2021-11-10
190,17:00:00,19:10:20,2,Anabelle,2021-11-10
191,20:00:00,22:10:20,2,Anabelle,2021-11-10
192,21:00:00,23:10:20,2,Anabelle,2021-11-10
193,8:00:00,10:10:20,3,Anabelle,2021-11-10
194,11:00:00,13:10:20,3,Anabelle,2021-11-10
195,14:00:00,16:10:20,3,Anabelle,2021-11-10
196,17:00:00,19:10:20,3,Anabelle,2021-11-10
197,20:00:00,22:10:20,3,Anabelle,2021-11-10
198,21:00:00,23:10:20,3,Anabelle,2021-11-10
199,8:00:00,10:10:20,1,Anabelle,2021-11-11
200,11:00:00,13:10:20,1,Anabelle,2021-11-11
201,14:00:00,16:10:20,1,Anabelle,2021-11-11
202,17:00:00,19:10:20,1,Anabelle,2021-11-11
203,20:00:00,22:10:20,1,Anabelle,2021-11-11
204,21:00:00,23:10:20,1,Anabelle,2021-11-11
205,8:00:00,10:10:20,2,Anabelle,2021-11-11
206,11:00:00,13:10:20,2,Anabelle,2021-11-11
207,14:00:00,16:10:20,2,Anabelle,2021-11-11
208,17:00:00,19:10:20,2,Anabelle,2021-11-11
209,20:00:00,22:10:20,2,Anabelle,2021-11-11
210,21:00:00,23:10:20,2,Anabelle,2021-11-11
211,8:00:00,10:10:20,3,Anabelle,2021-11-11
212,11:00:00,13:10:20,3,Anabelle,2021-11-11
213,14:00:00,16:10:20,3,Anabelle,2021-11-11
214,17:00:00,19:10:20,3,Anabelle,2021-11-11
215,20:00:00,22:10:20,3,Anabelle,2021-11-11
216,21:00:00,23:10:20,3,Anabelle,2021-11-11
217,8:00:00,10:10:20,1,Anabelle,2021-11-12
218,11:00:00,13:10:20,1,Anabelle,2021-11-12
219,14:00:00,16:10:20,1,Anabelle,2021-11-12
220,17:00:00,19:10:20,1,Anabelle,2021-11-12
221,20:00:00,22:10:20,1,Anabelle,2021-11-12
222,21:00:00,23:10:20,1,Anabelle,2021-11-12
223,8:00:00,10:10:20,2,Anabelle,2021-11-12
224,11:00:00,13:10:20,2,Anabelle,2021-11-12
225,14:00:00,16:10:20,2,Anabelle,2021-11-12
226,17:00:00,19:10:20,2,Anabelle,2021-11-12
227,20:00:00,22:10:20,2,Anabelle,2021-11-12
228,21:00:00,23:10:20,2,Anabelle,2021-11-12
229,8:00:00,10:10:20,3,Anabelle,2021-11-12
230,11:00:00,13:10:20,3,Anabelle,2021-11-12
231,14:00:00,16:10:20,3,Anabelle,2021-11-12
232,17:00:00,19:10:20,3,Anabelle,2021-11-12
233,20:00:00,22:10:20,3,Anabelle,2021-11-12
234,21:00:00,23:10:20,3,Anabelle,2021-11-12
235,8:00:00,10:10:20,1,Anabelle,2021-11-13
236,11:00:00,13:10:20,1,Anabelle,2021-11-13
237,14:00:00,16:10:20,1,Anabelle,2021-11-13
238,17:00:00,19:10:20,1,Anabelle,2021-11-13
239,20:00:00,22:10:20,1,Anabelle,2021-11-13
240,21:00:00,23:10:20,1,Anabelle,2021-11-13
241,8:00:00,10:10:20,2,Anabelle,2021-11-13
242,11:00:00,13:10:20,2,Anabelle,2021-11-13
243,14:00:00,16:10:20,2,Anabelle,2021-11-13
244,17:00:00,19:10:20,2,Anabelle,2021-11-13
245,20:00:00,22:10:20,2,Anabelle,2021-11-13
246,21:00:00,23:10:20,2,Anabelle,2021-11-13
247,8:00:00,10:10:20,3,Anabelle,2021-11-13
248,11:00:00,13:10:20,3,Anabelle,2021-11-13
249,14:00:00,16:10:20,3,Anabelle,2021-11-13
250,17:00:00,19:10:20,3,Anabelle,2021-11-13
251,20:00:00,22:10:20,3,Anabelle,2021-11-13
252,21:00:00,23:10:20,3,Anabelle,2021-11-13
253,8:00:00,10:10:20,1,Anabelle,2021-11-14
254,11:00:00,13:10:20,1,Anabelle,2021-11-14
255,14:00:00,16:10:20,1,Anabelle,2021-11-14
256,17:00:00,19:10:20,1,Anabelle,2021-11-14
257,20:00:00,22:10:20,1,Anabelle,2021-11-14
258,21:00:00,23:10:20,1,Anabelle,2021-11-14
259,8:00:00,10:10:20,2,Anabelle,2021-11-14
260,11:00:00,13:10:20,2,Anabelle,2021-11-14
261,14:00:00,16:10:20,2,Anabelle,2021-11-14
262,17:00:00,19:10:20,2,Anabelle,2021-11-14
263,20:00:00,22:10:20,2,Anabelle,2021-11-14
264,21:00:00,23:10:20,2,Anabelle,2021-11-14
265,8:00:00,10:10:20,3,Anabelle,2021-11-14
266,11:00:00,13:10:20,3,Anabelle,2021-11-14
267,14:00:00,16:10:20,3,Anabelle,2021-11-14
268,17:00:00,19:10:20,3,Anabelle,2021-11-14
269,20:00:00,22:10:20,3,Anabelle,2021-11-14
270,21:00:00,23:10:20,3,Anabelle,2021-11-14
271,8:00:00,10:10:20,1,Anabelle,2021-11-15
272,11:00:00,13:10:20,1,Anabelle,2021-11-15
273,14:00:00,16:10:20,1,Anabelle,2021-11-15
274,17:00:00,19:10:20,1,Anabelle,2021-11-15
275,20:00:00,22:10:20,1,Anabelle,2021-11-15
276,21:00:00,23:10:20,1,Anabelle,2021-11-15
277,8:00:00,10:10:20,2,Anabelle,2021-11-15
278,11:00:00,13:10:20,2,Anabelle,2021-11-15
279,14:00:00,16:10:20,2,Anabelle,2021-11-15
280,17:00:00,19:10:20,2,Anabelle,2021-11-15
281,20:00:00,22:10:20,2,Anabelle,2021-11-15
282,21:00:00,23:10:20,2,Anabelle,2021-11-15
283,8:00:00,10:10:20,3,Anabelle,2021-11-15
284,11:00:00,13:10:20,3,Anabelle,2021-11-15
285,14:00:00,16:10:20,3,Anabelle,2021-11-15
286,17:00:00,19:10:20,3,Anabelle,2021-11-15
287,20:00:00,22:10:20,3,Anabelle,2021-11-15
288,21:00:00,23:10:20,3,Anabelle,2021-11-15
289,8:00:00,10:10:20,1,Anabelle,2021-11-16
290,11:00:00,13:10:20,1,Anabelle,2021-11-16
291,14:00:00,16:10:20,1,Anabelle,2021-11-16
292,17:00:00,19:10:20,1,Anabelle,2021-11-16
293,20:00:00,22:10:20,1,Anabelle,2021-11-16
294,21:00:00,23:10:20,1,Anabelle,2021-11-16
295,8:00:00,10:10:20,2,Anabelle,2021-11-16
296,11:00:00,13:10:20,2,Anabelle,2021-11-16
297,14:00:00,16:10:20,2,Anabelle,2021-11-16
298,17:00:00,19:10:20,2,Anabelle,2021-11-16
299,20:00:00,22:10:20,2,Anabelle,2021-11-16
300,21:00:00,23:10:20,2,Anabelle,2021-11-16
301,8:00:00,10:10:20,3,Anabelle,2021-11-16
302,11:00:00,13:10:20,3,Anabelle,2021-11-16
303,14:00:00,16:10:20,3,Anabelle,2021-11-16
304,17:00:00,19:10:20,3,Anabelle,2021-11-16
305,20:00:00,22:10:20,3,Anabelle,2021-11-16
306,21:00:00,23:10:20,3,Anabelle,2021-11-16
307,8:00:00,10:10:20,1,Anabelle,2021-11-17
308,11:00:00,13:10:20,1,Anabelle,2021-11-17
309,14:00:00,16:10:20,1,Anabelle,2021-11-17
310,17:00:00,19:10:20,1,Anabelle,2021-11-17
311,20:00:00,22:10:20,1,Anabelle,2021-11-17
312,21:00:00,23:10:20,1,Anabelle,2021-11-17
313,8:00:00,10:10:20,2,Anabelle,2021-11-17
314,11:00:00,13:10:20,2,Anabelle,2021-11-17
315,14:00:00,16:10:20,2,Anabelle,2021-11-17
316,17:00:00,19:10:20,2,Anabelle,2021-11-17
317,20:00:00,22:10:20,2,Anabelle,2021-11-17
318,21:00:00,23:10:20,2,Anabelle,2021-11-17
319,8:00:00,10:10:20,3,Anabelle,2021-11-17
320,11:00:00,13:10:20,3,Anabelle,2021-11-17
321,14:00:00,16:10:20,3,Anabelle,2021-11-17
322,17:00:00,19:10:20,3,Anabelle,2021-11-17
323,20:00:00,22:10:20,3,Anabelle,2021-11-17
324,21:00:00,23:10:20,3,Anabelle,2021-11-17
325,8:00:00,10:10:20,1,Anabelle,2021-11-18
326,11:00:00,13:10:20,1,Anabelle,2021-11-18
327,14:00:00,16:10:20,1,Anabelle,2021-11-18
328,17:00:00,19:10:20,1,Anabelle,2021-11-18
329,20:00:00,22:10:20,1,Anabelle,2021-11-18
330,21:00:00,23:10:20,1,Anabelle,2021-11-18
331,8:00:00,10:10:20,2,Anabelle,2021-11-18
332,11:00:00,13:10:20,2,Anabelle,2021-11-18
333,14:00:00,16:10:20,2,Anabelle,2021-11-18
334,17:00:00,19:10:20,2,Anabelle,2021-11-18
335,20:00:00,22:10:20,2,Anabelle,2021-11-18
336,21:00:00,23:10:20,2,Anabelle,2021-11-18
337,8:00:00,10:10:20,3,Anabelle,2021-11-18
338,11:00:00,13:10:20,3,Anabelle,2021-11-18
339,14:00:00,16:10:20,3,Anabelle,2021-11-18
340,17:00:00,19:10:20,3,Anabelle,2021-11-18
341,20:00:00,22:10:20,3,Anabelle,2021-11-18
342,21:00:00,23:10:20,3,Anabelle,2021-11-18
343,8:00:00,10:10:20,1,Anabelle,2021-11-19
344,11:00:00,13:10:20,1,Anabelle,2021-11-19
345,14:00:00,16:10:20,1,Anabelle,2021-11-19
346,17:00:00,19:10:20,1,Anabelle,2021-11-19
347,20:00:00,22:10:20,1,Anabelle,2021-11-19
348,21:00:00,23:10:20,1,Anabelle,2021-11-19
349,8:00:00,10:10:20,2,Anabelle,2021-11-19
350,11:00:00,13:10:20,2,Anabelle,2021-11-19
351,14:00:00,16:10:20,2,Anabelle,2021-11-19
352,17:00:00,19:10:20,2,Anabelle,2021-11-19
353,20:00:00,22:10:20,2,Anabelle,2021-11-19
354,21:00:00,23:10:20,2,Anabelle,2021-11-19
355,8:00:00,10:10:20,3,Anabelle,2021-11-19
356,11:00:00,13:10:20,3,Anabelle,2021-11-19
357,14:00:00,16:10:20,3,Anabelle,2021-11-19
358,17:00:00,19:10:20,3,Anabelle,2021-11-19
359,20:00:00,22:10:20,3,Anabelle,2021-11-19
360,21:00:00,23:10:20,3,Anabelle,2021-11-19
361,8:00:00,10:10:20,1,Anabelle,2021-11-20
362,11:00:00,13:10:20,1,Anabelle,2021-11-20
363,14:00:00,16:10:20,1,Anabelle,2021-11-20
364,17:00:00,19:10:20,1,Anabelle,2021-11-20
365,20:00:00,22:10:20,1,Anabelle,2021-11-20
366,21:00:00,23:10:20,1,Anabelle,2021-11-20
367,8:00:00,10:10:20,2,Anabelle,2021-11-20
368,11:00:00,13:10:20,2,Anabelle,2021-11-20
369,14:00:00,16:10:20,2,Anabelle,2021-11-20
370,17:00:00,19:10:20,2,Anabelle,2021-11-20
371,20:00:00,22:10:20,2,Anabelle,2021-11-20
372,21:00:00,23:10:20,2,Anabelle,2021-11-20
373,8:00:00,10:10:20,3,Anabelle,2021-11-20
374,11:00:00,13:10:20,3,Anabelle,2021-11-20
375,14:00:00,16:10:20,3,Anabelle,2021-11-20
376,17:00:00,19:10:20,3,Anabelle,2021-11-20
377,20:00:00,22:10:20,3,Anabelle,2021-11-20
378,21:00:00,23:10:20,3,Anabelle,2021-11-20
379,8:00:00,10:10:20,1,Anabelle,2021-11-21
380,11:00:00,13:10:20,1,Anabelle,2021-11-21
381,14:00:00,16:10:20,1,Anabelle,2021-11-21
382,17:00:00,19:10:20,1,Anabelle,2021-11-21
383,20:00:00,22:10:20,1,Anabelle,2021-11-21
384,21:00:00,23:10:20,1,Anabelle,2021-11-21
385,8:00:00,10:10:20,2,Anabelle,2021-11-21
386,11:00:00,13:10:20,2,Anabelle,2021-11-21
387,14:00:00,16:10:20,2,Anabelle,2021-11-21
388,17:00:00,19:10:20,2,Anabelle,2021-11-21
389,20:00:00,22:10:20,2,Anabelle,2021-11-21
390,21:00:00,23:10:20,2,Anabelle,2021-11-21
391,8:00:00,10:10:20,3,Anabelle,2021-11-21
392,11:00:00,13:10:20,3,Anabelle,2021-11-21
393,14:00:00,16:10:20,3,Anabelle,2021-11-21
394,17:00:00,19:10:20,3,Anabelle,2021-11-21
395,20:00:00,22:10:20,3,Anabelle,2021-11-21
396,21:00:00,23:10:20,3,Anabelle,2021-11-21
397,8:00:00,10:10:20,1,Anabelle,2021-11-22
398,11:00:00,13:10:20,1,Anabelle,2021-11-22
399,14:00:00,16:10:20,1,Anabelle,2021-11-22
400,17:00:00,19:10:20,1,Anabelle,2021-11-22
401,20:00:00,22:10:20,1,Anabelle,2021-11-22
402,21:00:00,23:10:20,1,Anabelle,2021-11-22
403,8:00:00,10:10:20,2,Anabelle,2021-11-22
404,11:00:00,13:10:20,2,Anabelle,2021-11-22
405,14:00:00,16:10:20,2,Anabelle,2021-11-22
406,17:00:00,19:10:20,2,Anabelle,2021-11-22
407,20:00:00,22:10:20,2,Anabelle,2021-11-22
408,21:00:00,23:10:20,2,Anabelle,2021-11-22
409,8:00:00,10:10:20,3,Anabelle,2021-11-22
410,11:00:00,13:10:20,3,Anabelle,2021-11-22
411,14:00:00,16:10:20,3,Anabelle,2021-11-22
412,17:00:00,19:10:20,3,Anabelle,2021-11-22
413,20:00:00,22:10:20,3,Anabelle,2021-11-22
414,21:00:00,23:10:20,3,Anabelle,2021-11-22
415,8:00:00,10:10:20,1,Anabelle,2021-11-23
416,11:00:00,13:10:20,1,Anabelle,2021-11-23
417,14:00:00,16:10:20,1,Anabelle,2021-11-23
418,17:00:00,19:10:20,1,Anabelle,2021-11-23
419,20:00:00,22:10:20,1,Anabelle,2021-11-23
420,21:00:00,23:10:20,1,Anabelle,2021-11-23
421,8:00:00,10:10:20,2,Anabelle,2021-11-23
422,11:00:00,13:10:20,2,Anabelle,2021-11-23
423,14:00:00,16:10:20,2,Anabelle,2021-11-23
424,17:00:00,19:10:20,2,Anabelle,2021-11-23
425,20:00:00,22:10:20,2,Anabelle,2021-11-23
426,21:00:00,23:10:20,2,Anabelle,2021-11-23
427,8:00:00,10:10:20,3,Anabelle,2021-11-23
428,11:00:00,13:10:20,3,Anabelle,2021-11-23
429,14:00:00,16:10:20,3,Anabelle,2021-11-23
430,17:00:00,19:10:20,3,Anabelle,2021-11-23
431,20:00:00,22:10:20,3,Anabelle,2021-11-23
432,21:00:00,23:10:20,3,Anabelle,2021-11-23
433,8:00:00,10:10:20,1,Anabelle,2021-11-24
434,11:00:00,13:10:20,1,Anabelle,2021-11-24
435,14:00:00,16:10:20,1,Anabelle,2021-11-24
436,17:00:00,19:10:20,1,Anabelle,2021-11-24
437,20:00:00,22:10:20,1,Anabelle,2021-11-24
438,21:00:00,23:10:20,1,Anabelle,2021-11-24
439,8:00:00,10:10:20,2,Anabelle,2021-11-24
440,11:00:00,13:10:20,2,Anabelle,2021-11-24
441,14:00:00,16:10:20,2,Anabelle,2021-11-24
442,17:00:00,19:10:20,2,Anabelle,2021-11-24
443,20:00:00,22:10:20,2,Anabelle,2021-11-24
444,21:00:00,23:10:20,2,Anabelle,2021-11-24
445,8:00:00,10:10:20,3,Anabelle,2021-11-24
446,11:00:00,13:10:20,3,Anabelle,2021-11-24
447,14:00:00,16:10:20,3,Anabelle,2021-11-24
448,17:00:00,19:10:20,3,Anabelle,2021-11-24
449,20:00:00,22:10:20,3,Anabelle,2021-11-24
450,21:00:00,23:10:20,3,Anabelle,2021-11-24
451,8:00:00,10:10:20,1,Anabelle,2021-11-25
452,11:00:00,13:10:20,1,Anabelle,2021-11-25
453,14:00:00,16:10:20,1,Anabelle,2021-11-25
454,17:00:00,19:10:20,1,Anabelle,2021-11-25
455,20:00:00,22:10:20,1,Anabelle,2021-11-25
456,21:00:00,23:10:20,1,Anabelle,2021-11-25
457,8:00:00,10:10:20,2,Anabelle,2021-11-25
458,11:00:00,13:10:20,2,Anabelle,2021-11-25
459,14:00:00,16:10:20,2,Anabelle,2021-11-25
460,17:00:00,19:10:20,2,Anabelle,2021-11-25
461,20:00:00,22:10:20,2,Anabelle,2021-11-25
462,21:00:00,23:10:20,2,Anabelle,2021-11-25
463,8:00:00,10:10:20,3,Anabelle,2021-11-25
464,11:00:00,13:10:20,3,Anabelle,2021-11-25
465,14:00:00,16:10:20,3,Anabelle,2021-11-25
466,17:00:00,19:10:20,3,Anabelle,2021-11-25
467,20:00:00,22:10:20,3,Anabelle,2021-11-25
468,21:00:00,23:10:20,3,Anabelle,2021-11-25
469,8:00:00,10:10:20,1,Anabelle,2021-11-26
470,11:00:00,13:10:20,1,Anabelle,2021-11-26
471,14:00:00,16:10:20,1,Anabelle,2021-11-26
472,17:00:00,19:10:20,1,Anabelle,2021-11-26
473,20:00:00,22:10:20,1,Anabelle,2021-11-26
474,21:00:00,23:10:20,1,Anabelle,2021-11-26
475,8:00:00,10:10:20,2,Anabelle,2021-11-26
476,11:00:00,13:10:20,2,Anabelle,2021-11-26
477,14:00:00,16:10:20,2,Anabelle,2021-11-26
478,17:00:00,19:10:20,2,Anabelle,2021-11-26
479,20:00:00,22:10:20,2,Anabelle,2021-11-26
480,21:00:00,23:10:20,2,Anabelle,2021-11-26
481,8:00:00,10:10:20,3,Anabelle,2021-11-26
482,11:00:00,13:10:20,3,Anabelle,2021-11-26
483,14:00:00,16:10:20,3,Anabelle,2021-11-26
484,17:00:00,19:10:20,3,Anabelle,2021-11-26
485,20:00:00,22:10:20,3,Anabelle,2021-11-26
486,21:00:00,23:10:20,3,Anabelle,2021-11-26
487,8:00:00,10:10:20,1,Anabelle,2021-11-27
488,11:00:00,13:10:20,1,Anabelle,2021-11-27
489,14:00:00,16:10:20,1,Anabelle,2021-11-27
490,17:00:00,19:10:20,1,Anabelle,2021-11-27
491,20:00:00,22:10:20,1,Anabelle,2021-11-27
492,21:00:00,23:10:20,1,Anabelle,2021-11-27
493,8:00:00,10:10:20,2,Anabelle,2021-11-27
494,11:00:00,13:10:20,2,Anabelle,2021-11-27
495,14:00:00,16:10:20,2,Anabelle,2021-11-27
496,17:00:00,19:10:20,2,Anabelle,2021-11-27
497,20:00:00,22:10:20,2,Anabelle,2021-11-27
498,21:00:00,23:10:20,2,Anabelle,2021-11-27
499,8:00:00,10:10:20,3,Anabelle,2021-11-27
500,11:00:00,13:10:20,3,Anabelle,2021-11-27
501,14:00:00,16:10:20,3,Anabelle,2021-11-27
502,17:00:00,19:10:20,3,Anabelle,2021-11-27
503,20:00:00,22:10:20,3,Anabelle,2021-11-27
504,21:00:00,23:10:20,3,Anabelle,2021-11-27
505,8:00:00,10:10:20,1,Anabelle,2021-11-28
506,11:00:00,13:10:20,1,Anabelle,2021-11-28
507,14:00:00,16:10:20,1,Anabelle,2021-11-28
508,17:00:00,19:10:20,1,Anabelle,2021-11-28
509,20:00:00,22:10:20,1,Anabelle,2021-11-28
510,21:00:00,23:10:20,1,Anabelle,2021-11-28
511,8:00:00,10:10:20,2,Anabelle,2021-11-28
512,11:00:00,13:10:20,2,Anabelle,2021-11-28
513,14:00:00,16:10:20,2,Anabelle,2021-11-28
514,17:00:00,19:10:20,2,Anabelle,2021-11-28
515,20:00:00,22:10:20,2,Anabelle,2021-11-28
516,21:00:00,23:10:20,2,Anabelle,2021-11-28
517,8:00:00,10:10:20,3,Anabelle,2021-11-28
518,11:00:00,13:10:20,3,Anabelle,2021-11-28
519,14:00:00,16:10:20,3,Anabelle,2021-11-28
520,17:00:00,19:10:20,3,Anabelle,2021-11-28
521,20:00:00,22:10:20,3,Anabelle,2021-11-28
522,21:00:00,23:10:20,3,Anabelle,2021-11-28
523,8:00:00,10:10:20,1,Anabelle,2021-11-29
524,11:00:00,13:10:20,1,Anabelle,2021-11-29
525,14:00:00,16:10:20,1,Anabelle,2021-11-29
526,17:00:00,19:10:20,1,Anabelle,2021-11-29
527,20:00:00,22:10:20,1,Anabelle,2021-11-29
528,21:00:00,23:10:20,1,Anabelle,2021-11-29
529,8:00:00,10:10:20,2,Anabelle,2021-11-29
530,11:00:00,13:10:20,2,Anabelle,2021-11-29
531,14:00:00,16:10:20,2,Anabelle,2021-11-29
532,17:00:00,19:10:20,2,Anabelle,2021-11-29
533,20:00:00,22:10:20,2,Anabelle,2021-11-29
534,21:00:00,23:10:20,2,Anabelle,2021-11-29
535,8:00:00,10:10:20,3,Anabelle,2021-11-29
536,11:00:00,13:10:20,3,Anabelle,2021-11-29
537,14:00:00,16:10:20,3,Anabelle,2021-11-29
538,17:00:00,19:10:20,3,Anabelle,2021-11-29
539,20:00:00,22:10:20,3,Anabelle,2021-11-29
540,21:00:00,23:10:20,3,Anabelle,2021-11-29
541,8:00:00,10:10:20,1,Anabelle,2021-11-30
542,11:00:00,13:10:20,1,Anabelle,2021-11-30
543,14:00:00,16:10:20,1,Anabelle,2021-11-30
544,17:00:00,19:10:20,1,Anabelle,2021-11-30
545,20:00:00,22:10:20,1,Anabelle,2021-11-30
546,21:00:00,23:10:20,1,Anabelle,2021-11-30
547,8:00:00,10:10:20,2,Anabelle,2021-11-30
548,11:00:00,13:10:20,2,Anabelle,2021-11-30
549,14:00:00,16:10:20,2,Anabelle,2021-11-30
550,17:00:00,19:10:20,2,Anabelle,2021-11-30
551,20:00:00,22:10:20,2,Anabelle,2021-11-30
552,21:00:00,23:10:20,2,Anabelle,2021-11-30
553,8:00:00,10:10:20,3,Anabelle,2021-11-30
554,11:00:00,13:10:20,3,Anabelle,2021-11-30
555,14:00:00,16:10:20,3,Anabelle,2021-11-30
556,17:00:00,19:10:20,3,Anabelle,2021-11-30
557,20:00:00,22:10:20,3,Anabelle,2021-11-30
558,21:00:00,23:10:20,3,Anabelle,2021-11-30
559,8:00:00,10:10:20,1,Anabelle,2021-12-01
560,11:00:00,13:10:20,1,Anabelle,2021-12-01
561,14:00:00,16:10:20,1,Anabelle,2021-12-01
562,17:00:00,19:10:20,1,Anabelle,2021-12-01
563,20:00:00,22:10:20,1,Anabelle,2021-12-01
564,21:00:00,23:10:20,1,Anabelle,2021-12-01
565,8:00:00,10:10:20,2,Anabelle,2021-12-01
566,11:00:00,13:10:20,2,Anabelle,2021-12-01
567,14:00:00,16:10:20,2,Anabelle,2021-12-01
568,17:00:00,19:10:20,2,Anabelle,2021-12-01
569,20:00:00,22:10:20,2,Anabelle,2021-12-01
570,21:00:00,23:10:20,2,Anabelle,2021-12-01
571,8:00:00,10:10:20,3,Anabelle,2021-12-01
572,11:00:00,13:10:20,3,Anabelle,2021-12-01
573,14:00:00,16:10:20,3,Anabelle,2021-12-01
574,17:00:00,19:10:20,3,Anabelle,2021-12-01
575,20:00:00,22:10:20,3,Anabelle,2021-12-01
576,21:00:00,23:10:20,3,Anabelle,2021-12-01
577,8:00:00,10:10:20,1,Anabelle,2021-12-02
578,11:00:00,13:10:20,1,Anabelle,2021-12-02
579,14:00:00,16:10:20,1,Anabelle,2021-12-02
580,17:00:00,19:10:20,1,Anabelle,2021-12-02
581,20:00:00,22:10:20,1,Anabelle,2021-12-02
582,21:00:00,23:10:20,1,Anabelle,2021-12-02
583,8:00:00,10:10:20,2,Anabelle,2021-12-02
584,11:00:00,13:10:20,2,Anabelle,2021-12-02
585,14:00:00,16:10:20,2,Anabelle,2021-12-02
586,17:00:00,19:10:20,2,Anabelle,2021-12-02
587,20:00:00,22:10:20,2,Anabelle,2021-12-02
588,21:00:00,23:10:20,2,Anabelle,2021-12-02
589,8:00:00,10:10:20,3,Anabelle,2021-12-02
590,11:00:00,13:10:20,3,Anabelle,2021-12-02
591,14:00:00,16:10:20,3,Anabelle,2021-12-02
592,17:00:00,19:10:20,3,Anabelle,2021-12-02
593,20:00:00,22:10:20,3,Anabelle,2021-12-02
594,21:00:00,23:10:20,3,Anabelle,2021-12-02
595,8:00:00,10:10:20,1,Anabelle,2021-12-03
596,11:00:00,13:10:20,1,Anabelle,2021-12-03
597,14:00:00,16:10:20,1,Anabelle,2021-12-03
598,17:00:00,19:10:20,1,Anabelle,2021-12-03
599,20:00:00,22:10:20,1,Anabelle,2021-12-03
600,21:00:00,23:10:20,1,Anabelle,2021-12-03
601,8:00:00,10:10:20,2,Anabelle,2021-12-03
602,11:00:00,13:10:20,2,Anabelle,2021-12-03
603,14:00:00,16:10:20,2,Anabelle,2021-12-03
604,17:00:00,19:10:20,2,Anabelle,2021-12-03
605,20:00:00,22:10:20,2,Anabelle,2021-12-03
606,21:00:00,23:10:20,2,Anabelle,2021-12-03
607,8:00:00,10:10:20,3,Anabelle,2021-12-03
608,11:00:00,13:10:20,3,Anabelle,2021-12-03
609,14:00:00,16:10:20,3,Anabelle,2021-12-03
610,17:00:00,19:10:20,3,Anabelle,2021-12-03
611,20:00:00,22:10:20,3,Anabelle,2021-12-03
612,21:00:00,23:10:20,3,Anabelle,2021-12-03
613,8:00:00,10:10:20,1,Anabelle,2021-12-04
614,11:00:00,13:10:20,1,Anabelle,2021-12-04
615,14:00:00,16:10:20,1,Anabelle,2021-12-04
616,17:00:00,19:10:20,1,Anabelle,2021-12-04
617,20:00:00,22:10:20,1,Anabelle,2021-12-04
618,21:00:00,23:10:20,1,Anabelle,2021-12-04
619,8:00:00,10:10:20,2,Anabelle,2021-12-04
620,11:00:00,13:10:20,2,Anabelle,2021-12-04
621,14:00:00,16:10:20,2,Anabelle,2021-12-04
622,17:00:00,19:10:20,2,Anabelle,2021-12-04
623,20:00:00,22:10:20,2,Anabelle,2021-12-04
624,21:00:00,23:10:20,2,Anabelle,2021-12-04
625,8:00:00,10:10:20,3,Anabelle,2021-12-04
626,11:00:00,13:10:20,3,Anabelle,2021-12-04
627,14:00:00,16:10:20,3,Anabelle,2021-12-04
628,17:00:00,19:10:20,3,Anabelle,2021-12-04
629,20:00:00,22:10:20,3,Anabelle,2021-12-04
630,21:00:00,23:10:20,3,Anabelle,2021-12-04
631,8:00:00,10:10:20,1,Anabelle,2021-12-05
632,11:00:00,13:10:20,1,Anabelle,2021-12-05
633,14:00:00,16:10:20,1,Anabelle,2021-12-05
634,17:00:00,19:10:20,1,Anabelle,2021-12-05
635,20:00:00,22:10:20,1,Anabelle,2021-12-05
636,21:00:00,23:10:20,1,Anabelle,2021-12-05
637,8:00:00,10:10:20,2,Anabelle,2021-12-05
638,11:00:00,13:10:20,2,Anabelle,2021-12-05
639,14:00:00,16:10:20,2,Anabelle,2021-12-05
640,17:00:00,19:10:20,2,Anabelle,2021-12-05
641,20:00:00,22:10:20,2,Anabelle,2021-12-05
642,21:00:00,23:10:20,2,Anabelle,2021-12-05
643,8:00:00,10:10:20,3,Anabelle,2021-12-05
644,11:00:00,13:10:20,3,Anabelle,2021-12-05
645,14:00:00,16:10:20,3,Anabelle,2021-12-05
646,17:00:00,19:10:20,3,Anabelle,2021-12-05
647,20:00:00,22:10:20,3,Anabelle,2021-12-05
648,21:00:00,23:10:20,3,Anabelle,2021-12-05
649,8:00:00,10:10:20,1,Anabelle,2021-12-06
650,11:00:00,13:10:20,1,Anabelle,2021-12-06
651,14:00:00,16:10:20,1,Anabelle,2021-12-06
652,17:00:00,19:10:20,1,Anabelle,2021-12-06
653,20:00:00,22:10:20,1,Anabelle,2021-12-06
654,21:00:00,23:10:20,1,Anabelle,2021-12-06
655,8:00:00,10:10:20,2,Anabelle,2021-12-06
656,11:00:00,13:10:20,2,Anabelle,2021-12-06
657,14:00:00,16:10:20,2,Anabelle,2021-12-06
658,17:00:00,19:10:20,2,Anabelle,2021-12-06
659,20:00:00,22:10:20,2,Anabelle,2021-12-06
660,21:00:00,23:10:20,2,Anabelle,2021-12-06
661,8:00:00,10:10:20,3,Anabelle,2021-12-06
662,11:00:00,13:10:20,3,Anabelle,2021-12-06
663,14:00:00,16:10:20,3,Anabelle,2021-12-06
664,17:00:00,19:10:20,3,Anabelle,2021-12-06
665,20:00:00,22:10:20,3,Anabelle,2021-12-06
666,21:00:00,23:10:20,3,Anabelle,2021-12-06
667,8:00:00,10:10:20,1,Anabelle,2021-12-07
668,11:00:00,13:10:20,1,Anabelle,2021-12-07
669,14:00:00,16:10:20,1,Anabelle,2021-12-07
670,17:00:00,19:10:20,1,Anabelle,2021-12-07
671,20:00:00,22:10:20,1,Anabelle,2021-12-07
672,21:00:00,23:10:20,1,Anabelle,2021-12-07
673,8:00:00,10:10:20,2,Anabelle,2021-12-07
674,11:00:00,13:10:20,2,Anabelle,2021-12-07
675,14:00:00,16:10:20,2,Anabelle,2021-12-07
676,17:00:00,19:10:20,2,Anabelle,2021-12-07
677,20:00:00,22:10:20,2,Anabelle,2021-12-07
678,21:00:00,23:10:20,2,Anabelle,2021-12-07
679,8:00:00,10:10:20,3,Anabelle,2021-12-07
680,11:00:00,13:10:20,3,Anabelle,2021-12-07
681,14:00:00,16:10:20,3,Anabelle,2021-12-07
682,17:00:00,19:10:20,3,Anabelle,2021-12-07
683,20:00:00,22:10:20,3,Anabelle,2021-12-07
684,21:00:00,23:10:20,3,Anabelle,2021-12-07
685,8:00:00,10:10:20,1,Anabelle,2021-12-08
686,11:00:00,13:10:20,1,Anabelle,2021-12-08
687,14:00:00,16:10:20,1,Anabelle,2021-12-08
688,17:00:00,19:10:20,1,Anabelle,2021-12-08
689,20:00:00,22:10:20,1,Anabelle,2021-12-08
690,21:00:00,23:10:20,1,Anabelle,2021-12-08
691,8:00:00,10:10:20,2,Anabelle,2021-12-08
692,11:00:00,13:10:20,2,Anabelle,2021-12-08
693,14:00:00,16:10:20,2,Anabelle,2021-12-08
694,17:00:00,19:10:20,2,Anabelle,2021-12-08
695,20:00:00,22:10:20,2,Anabelle,2021-12-08
696,21:00:00,23:10:20,2,Anabelle,2021-12-08
697,8:00:00,10:10:20,3,Anabelle,2021-12-08
698,11:00:00,13:10:20,3,Anabelle,2021-12-08
699,14:00:00,16:10:20,3,Anabelle,2021-12-08
700,17:00:00,19:10:20,3,Anabelle,2021-12-08
701,20:00:00,22:10:20,3,Anabelle,2021-12-08
702,21:00:00,23:10:20,3,Anabelle,2021-12-08
703,8:00:00,10:10:20,1,Anabelle,2021-12-09
704,11:00:00,13:10:20,1,Anabelle,2021-12-09
705,14:00:00,16:10:20,1,Anabelle,2021-12-09
706,17:00:00,19:10:20,1,Anabelle,2021-12-09
707,20:00:00,22:10:20,1,Anabelle,2021-12-09
708,21:00:00,23:10:20,1,Anabelle,2021-12-09
709,8:00:00,10:10:20,2,Anabelle,2021-12-09
710,11:00:00,13:10:20,2,Anabelle,2021-12-09
711,14:00:00,16:10:20,2,Anabelle,2021-12-09
712,17:00:00,19:10:20,2,Anabelle,2021-12-09
713,20:00:00,22:10:20,2,Anabelle,2021-12-09
714,21:00:00,23:10:20,2,Anabelle,2021-12-09
715,8:00:00,10:10:20,3,Anabelle,2021-12-09
716,11:00:00,13:10:20,3,Anabelle,2021-12-09
717,14:00:00,16:10:20,3,Anabelle,2021-12-09
718,17:00:00,19:10:20,3,Anabelle,2021-12-09
719,20:00:00,22:10:20,3,Anabelle,2021-12-09
720,21:00:00,23:10:20,3,Anabelle,2021-12-09
721,8:00:00,10:10:20,1,Anabelle,2021-12-10
722,11:00:00,13:10:20,1,Anabelle,2021-12-10
723,14:00:00,16:10:20,1,Anabelle,2021-12-10
724,17:00:00,19:10:20,1,Anabelle,2021-12-10
725,20:00:00,22:10:20,1,Anabelle,2021-12-10
726,21:00:00,23:10:20,1,Anabelle,2021-12-10
727,8:00:00,10:10:20,2,Anabelle,2021-12-10
728,11:00:00,13:10:20,2,Anabelle,2021-12-10
729,14:00:00,16:10:20,2,Anabelle,2021-12-10
730,17:00:00,19:10:20,2,Anabelle,2021-12-10
731,20:00:00,22:10:20,2,Anabelle,2021-12-10
732,21:00:00,23:10:20,2,Anabelle,2021-12-10
733,8:00:00,10:10:20,3,Anabelle,2021-12-10
734,11:00:00,13:10:20,3,Anabelle,2021-12-10
735,14:00:00,16:10:20,3,Anabelle,2021-12-10
736,17:00:00,19:10:20,3,Anabelle,2021-12-10
737,20:00:00,22:10:20,3,Anabelle,2021-12-10
738,21:00:00,23:10:20,3,Anabelle,2021-12-10
739,8:00:00,10:10:20,1,Anabelle,2021-12-11
740,11:00:00,13:10:20,1,Anabelle,2021-12-11
741,14:00:00,16:10:20,1,Anabelle,2021-12-11
742,17:00:00,19:10:20,1,Anabelle,2021-12-11
743,20:00:00,22:10:20,1,Anabelle,2021-12-11
744,21:00:00,23:10:20,1,Anabelle,2021-12-11
745,8:00:00,10:10:20,2,Anabelle,2021-12-11
746,11:00:00,13:10:20,2,Anabelle,2021-12-11
747,14:00:00,16:10:20,2,Anabelle,2021-12-11
748,17:00:00,19:10:20,2,Anabelle,2021-12-11
749,20:00:00,22:10:20,2,Anabelle,2021-12-11
750,21:00:00,23:10:20,2,Anabelle,2021-12-11
751,8:00:00,10:10:20,3,Anabelle,2021-12-11
752,11:00:00,13:10:20,3,Anabelle,2021-12-11
753,14:00:00,16:10:20,3,Anabelle,2021-12-11
754,17:00:00,19:10:20,3,Anabelle,2021-12-11
755,20:00:00,22:10:20,3,Anabelle,2021-12-11
756,21:00:00,23:10:20,3,Anabelle,2021-12-11
757,8:00:00,10:10:20,1,Anabelle,2021-12-12
758,11:00:00,13:10:20,1,Anabelle,2021-12-12
759,14:00:00,16:10:20,1,Anabelle,2021-12-12
760,17:00:00,19:10:20,1,Anabelle,2021-12-12
761,20:00:00,22:10:20,1,Anabelle,2021-12-12
762,21:00:00,23:10:20,1,Anabelle,2021-12-12
763,8:00:00,10:10:20,2,Anabelle,2021-12-12
764,11:00:00,13:10:20,2,Anabelle,2021-12-12
765,14:00:00,16:10:20,2,Anabelle,2021-12-12
766,17:00:00,19:10:20,2,Anabelle,2021-12-12
767,20:00:00,22:10:20,2,Anabelle,2021-12-12
768,21:00:00,23:10:20,2,Anabelle,2021-12-12
769,8:00:00,10:10:20,3,Anabelle,2021-12-12
770,11:00:00,13:10:20,3,Anabelle,2021-12-12
771,14:00:00,16:10:20,3,Anabelle,2021-12-12
772,17:00:00,19:10:20,3,Anabelle,2021-12-12
773,20:00:00,22:10:20,3,Anabelle,2021-12-12
774,21:00:00,23:10:20,3,Anabelle,2021-12-12
775,8:00:00,10:10:20,1,Anabelle,2021-12-13
776,11:00:00,13:10:20,1,Anabelle,2021-12-13
777,14:00:00,16:10:20,1,Anabelle,2021-12-13
778,17:00:00,19:10:20,1,Anabelle,2021-12-13
779,20:00:00,22:10:20,1,Anabelle,2021-12-13
780,21:00:00,23:10:20,1,Anabelle,2021-12-13
781,8:00:00,10:10:20,2,Anabelle,2021-12-13
782,11:00:00,13:10:20,2,Anabelle,2021-12-13
783,14:00:00,16:10:20,2,Anabelle,2021-12-13
784,17:00:00,19:10:20,2,Anabelle,2021-12-13
785,20:00:00,22:10:20,2,Anabelle,2021-12-13
786,21:00:00,23:10:20,2,Anabelle,2021-12-13
787,8:00:00,10:10:20,3,Anabelle,2021-12-13
788,11:00:00,13:10:20,3,Anabelle,2021-12-13
789,14:00:00,16:10:20,3,Anabelle,2021-12-13
790,17:00:00,19:10:20,3,Anabelle,2021-12-13
791,20:00:00,22:10:20,3,Anabelle,2021-12-13
792,21:00:00,23:10:20,3,Anabelle,2021-12-13
793,8:00:00,10:10:20,1,Anabelle,2021-12-14
794,11:00:00,13:10:20,1,Anabelle,2021-12-14
795,14:00:00,16:10:20,1,Anabelle,2021-12-14
796,17:00:00,19:10:20,1,Anabelle,2021-12-14
797,20:00:00,22:10:20,1,Anabelle,2021-12-14
798,21:00:00,23:10:20,1,Anabelle,2021-12-14
799,8:00:00,10:10:20,2,Anabelle,2021-12-14
800,11:00:00,13:10:20,2,Anabelle,2021-12-14
801,14:00:00,16:10:20,2,Anabelle,2021-12-14
802,17:00:00,19:10:20,2,Anabelle,2021-12-14
803,20:00:00,22:10:20,2,Anabelle,2021-12-14
804,21:00:00,23:10:20,2,Anabelle,2021-12-14
805,8:00:00,10:10:20,3,Anabelle,2021-12-14
806,11:00:00,13:10:20,3,Anabelle,2021-12-14
807,14:00:00,16:10:20,3,Anabelle,2021-12-14
808,17:00:00,19:10:20,3,Anabelle,2021-12-14
809,20:00:00,22:10:20,3,Anabelle,2021-12-14
810,21:00:00,23:10:20,3,Anabelle,2021-12-14
811,8:00:00,10:10:20,1,Anabelle,2021-12-15
812,11:00:00,13:10:20,1,Anabelle,2021-12-15
813,14:00:00,16:10:20,1,Anabelle,2021-12-15
814,17:00:00,19:10:20,1,Anabelle,2021-12-15
815,20:00:00,22:10:20,1,Anabelle,2021-12-15
816,21:00:00,23:10:20,1,Anabelle,2021-12-15
817,8:00:00,10:10:20,2,Anabelle,2021-12-15
818,11:00:00,13:10:20,2,Anabelle,2021-12-15
819,14:00:00,16:10:20,2,Anabelle,2021-12-15
820,17:00:00,19:10:20,2,Anabelle,2021-12-15
821,20:00:00,22:10:20,2,Anabelle,2021-12-15
822,21:00:00,23:10:20,2,Anabelle,2021-12-15
823,8:00:00,10:10:20,3,Anabelle,2021-12-15
824,11:00:00,13:10:20,3,Anabelle,2021-12-15
825,14:00:00,16:10:20,3,Anabelle,2021-12-15
826,17:00:00,19:10:20,3,Anabelle,2021-12-15
827,20:00:00,22:10:20,3,Anabelle,2021-12-15
828,21:00:00,23:10:20,3,Anabelle,2021-12-15
829,8:00:00,10:10:20,1,Anabelle,2021-12-16
830,11:00:00,13:10:20,1,Anabelle,2021-12-16
831,14:00:00,16:10:20,1,Anabelle,2021-12-16
832,17:00:00,19:10:20,1,Anabelle,2021-12-16
833,20:00:00,22:10:20,1,Anabelle,2021-12-16
834,21:00:00,23:10:20,1,Anabelle,2021-12-16
835,8:00:00,10:10:20,2,Anabelle,2021-12-16
836,11:00:00,13:10:20,2,Anabelle,2021-12-16
837,14:00:00,16:10:20,2,Anabelle,2021-12-16
838,17:00:00,19:10:20,2,Anabelle,2021-12-16
839,20:00:00,22:10:20,2,Anabelle,2021-12-16
840,21:00:00,23:10:20,2,Anabelle,2021-12-16
841,8:00:00,10:10:20,3,Anabelle,2021-12-16
842,11:00:00,13:10:20,3,Anabelle,2021-12-16
843,14:00:00,16:10:20,3,Anabelle,2021-12-16
844,17:00:00,19:10:20,3,Anabelle,2021-12-16
845,20:00:00,22:10:20,3,Anabelle,2021-12-16
846,21:00:00,23:10:20,3,Anabelle,2021-12-16
847,8:00:00,10:10:20,1,Anabelle,2021-12-17
848,11:00:00,13:10:20,1,Anabelle,2021-12-17
849,14:00:00,16:10:20,1,Anabelle,2021-12-17
850,17:00:00,19:10:20,1,Anabelle,2021-12-17
851,20:00:00,22:10:20,1,Anabelle,2021-12-17
852,21:00:00,23:10:20,1,Anabelle,2021-12-17
853,8:00:00,10:10:20,2,Anabelle,2021-12-17
854,11:00:00,13:10:20,2,Anabelle,2021-12-17
855,14:00:00,16:10:20,2,Anabelle,2021-12-17
856,17:00:00,19:10:20,2,Anabelle,2021-12-17
857,20:00:00,22:10:20,2,Anabelle,2021-12-17
858,21:00:00,23:10:20,2,Anabelle,2021-12-17
859,8:00:00,10:10:20,3,Anabelle,2021-12-17
860,11:00:00,13:10:20,3,Anabelle,2021-12-17
861,14:00:00,16:10:20,3,Anabelle,2021-12-17
862,17:00:00,19:10:20,3,Anabelle,2021-12-17
863,20:00:00,22:10:20,3,Anabelle,2021-12-17
864,21:00:00,23:10:20,3,Anabelle,2021-12-17
865,8:00:00,10:10:20,1,Anabelle,2021-12-18
866,11:00:00,13:10:20,1,Anabelle,2021-12-18
867,14:00:00,16:10:20,1,Anabelle,2021-12-18
868,17:00:00,19:10:20,1,Anabelle,2021-12-18
869,20:00:00,22:10:20,1,Anabelle,2021-12-18
870,21:00:00,23:10:20,1,Anabelle,2021-12-18
871,8:00:00,10:10:20,2,Anabelle,2021-12-18
872,11:00:00,13:10:20,2,Anabelle,2021-12-18
873,14:00:00,16:10:20,2,Anabelle,2021-12-18
874,17:00:00,19:10:20,2,Anabelle,2021-12-18
875,20:00:00,22:10:20,2,Anabelle,2021-12-18
876,21:00:00,23:10:20,2,Anabelle,2021-12-18
877,8:00:00,10:10:20,3,Anabelle,2021-12-18
878,11:00:00,13:10:20,3,Anabelle,2021-12-18
879,14:00:00,16:10:20,3,Anabelle,2021-12-18
880,17:00:00,19:10:20,3,Anabelle,2021-12-18
881,20:00:00,22:10:20,3,Anabelle,2021-12-18
882,21:00:00,23:10:20,3,Anabelle,2021-12-18
883,8:00:00,10:10:20,1,Anabelle,2021-12-19
884,11:00:00,13:10:20,1,Anabelle,2021-12-19
885,14:00:00,16:10:20,1,Anabelle,2021-12-19
886,17:00:00,19:10:20,1,Anabelle,2021-12-19
887,20:00:00,22:10:20,1,Anabelle,2021-12-19
888,21:00:00,23:10:20,1,Anabelle,2021-12-19
889,8:00:00,10:10:20,2,Anabelle,2021-12-19
890,11:00:00,13:10:20,2,Anabelle,2021-12-19
891,14:00:00,16:10:20,2,Anabelle,2021-12-19
892,17:00:00,19:10:20,2,Anabelle,2021-12-19
893,20:00:00,22:10:20,2,Anabelle,2021-12-19
894,21:00:00,23:10:20,2,Anabelle,2021-12-19
895,8:00:00,10:10:20,3,Anabelle,2021-12-19
896,11:00:00,13:10:20,3,Anabelle,2021-12-19
897,14:00:00,16:10:20,3,Anabelle,2021-12-19
898,17:00:00,19:10:20,3,Anabelle,2021-12-19
899,20:00:00,22:10:20,3,Anabelle,2021-12-19
900,21:00:00,23:10:20,3,Anabelle,2021-12-19
901,8:00:00,10:10:20,1,Anabelle,2021-12-20
902,11:00:00,13:10:20,1,Anabelle,2021-12-20
903,14:00:00,16:10:20,1,Anabelle,2021-12-20
904,17:00:00,19:10:20,1,Anabelle,2021-12-20
905,20:00:00,22:10:20,1,Anabelle,2021-12-20
906,21:00:00,23:10:20,1,Anabelle,2021-12-20
907,8:00:00,10:10:20,2,Anabelle,2021-12-20
908,11:00:00,13:10:20,2,Anabelle,2021-12-20
909,14:00:00,16:10:20,2,Anabelle,2021-12-20
910,17:00:00,19:10:20,2,Anabelle,2021-12-20
911,20:00:00,22:10:20,2,Anabelle,2021-12-20
912,21:00:00,23:10:20,2,Anabelle,2021-12-20
913,8:00:00,10:10:20,3,Anabelle,2021-12-20
914,11:00:00,13:10:20,3,Anabelle,2021-12-20
915,14:00:00,16:10:20,3,Anabelle,2021-12-20
916,17:00:00,19:10:20,3,Anabelle,2021-12-20
917,20:00:00,22:10:20,3,Anabelle,2021-12-20
918,21:00:00,23:10:20,3,Anabelle,2021-12-20
919,8:00:00,10:10:20,1,Anabelle,2021-12-21
920,11:00:00,13:10:20,1,Anabelle,2021-12-21
921,14:00:00,16:10:20,1,Anabelle,2021-12-21
922,17:00:00,19:10:20,1,Anabelle,2021-12-21
923,20:00:00,22:10:20,1,Anabelle,2021-12-21
924,21:00:00,23:10:20,1,Anabelle,2021-12-21
925,8:00:00,10:10:20,2,Anabelle,2021-12-21
926,11:00:00,13:10:20,2,Anabelle,2021-12-21
927,14:00:00,16:10:20,2,Anabelle,2021-12-21
928,17:00:00,19:10:20,2,Anabelle,2021-12-21
929,20:00:00,22:10:20,2,Anabelle,2021-12-21
930,21:00:00,23:10:20,2,Anabelle,2021-12-21
931,8:00:00,10:10:20,3,Anabelle,2021-12-21
932,11:00:00,13:10:20,3,Anabelle,2021-12-21
933,14:00:00,16:10:20,3,Anabelle,2021-12-21
934,17:00:00,19:10:20,3,Anabelle,2021-12-21
935,20:00:00,22:10:20,3,Anabelle,2021-12-21
936,21:00:00,23:10:20,3,Anabelle,2021-12-21
937,8:00:00,10:10:20,1,Anabelle,2021-12-22
938,11:00:00,13:10:20,1,Anabelle,2021-12-22
939,14:00:00,16:10:20,1,Anabelle,2021-12-22
940,17:00:00,19:10:20,1,Anabelle,2021-12-22
941,20:00:00,22:10:20,1,Anabelle,2021-12-22
942,21:00:00,23:10:20,1,Anabelle,2021-12-22
943,8:00:00,10:10:20,2,Anabelle,2021-12-22
944,11:00:00,13:10:20,2,Anabelle,2021-12-22
945,14:00:00,16:10:20,2,Anabelle,2021-12-22
946,17:00:00,19:10:20,2,Anabelle,2021-12-22
947,20:00:00,22:10:20,2,Anabelle,2021-12-22
948,21:00:00,23:10:20,2,Anabelle,2021-12-22
949,8:00:00,10:10:20,3,Anabelle,2021-12-22
950,11:00:00,13:10:20,3,Anabelle,2021-12-22
951,14:00:00,16:10:20,3,Anabelle,2021-12-22
952,17:00:00,19:10:20,3,Anabelle,2021-12-22
953,20:00:00,22:10:20,3,Anabelle,2021-12-22
954,21:00:00,23:10:20,3,Anabelle,2021-12-22
955,8:00:00,10:10:20,1,Anabelle,2021-12-23
956,11:00:00,13:10:20,1,Anabelle,2021-12-23
957,14:00:00,16:10:20,1,Anabelle,2021-12-23
958,17:00:00,19:10:20,1,Anabelle,2021-12-23
959,20:00:00,22:10:20,1,Anabelle,2021-12-23
960,21:00:00,23:10:20,1,Anabelle,2021-12-23
961,8:00:00,10:10:20,2,Anabelle,2021-12-23
962,11:00:00,13:10:20,2,Anabelle,2021-12-23
963,14:00:00,16:10:20,2,Anabelle,2021-12-23
964,17:00:00,19:10:20,2,Anabelle,2021-12-23
965,20:00:00,22:10:20,2,Anabelle,2021-12-23
966,21:00:00,23:10:20,2,Anabelle,2021-12-23
967,8:00:00,10:10:20,3,Anabelle,2021-12-23
968,11:00:00,13:10:20,3,Anabelle,2021-12-23
969,14:00:00,16:10:20,3,Anabelle,2021-12-23
970,17:00:00,19:10:20,3,Anabelle,2021-12-23
971,20:00:00,22:10:20,3,Anabelle,2021-12-23
972,21:00:00,23:10:20,3,Anabelle,2021-12-23
973,8:00:00,10:10:20,1,Anabelle,2021-12-24
974,11:00:00,13:10:20,1,Anabelle,2021-12-24
975,14:00:00,16:10:20,1,Anabelle,2021-12-24
976,17:00:00,19:10:20,1,Anabelle,2021-12-24
977,20:00:00,22:10:20,1,Anabelle,2021-12-24
978,21:00:00,23:10:20,1,Anabelle,2021-12-24
979,8:00:00,10:10:20,2,Anabelle,2021-12-24
980,11:00:00,13:10:20,2,Anabelle,2021-12-24
981,14:00:00,16:10:20,2,Anabelle,2021-12-24
982,17:00:00,19:10:20,2,Anabelle,2021-12-24
983,20:00:00,22:10:20,2,Anabelle,2021-12-24
984,21:00:00,23:10:20,2,Anabelle,2021-12-24
985,8:00:00,10:10:20,3,Anabelle,2021-12-24
986,11:00:00,13:10:20,3,Anabelle,2021-12-24
987,14:00:00,16:10:20,3,Anabelle,2021-12-24
988,17:00:00,19:10:20,3,Anabelle,2021-12-24
989,20:00:00,22:10:20,3,Anabelle,2021-12-24
990,21:00:00,23:10:20,3,Anabelle,2021-12-24
991,8:00:00,10:10:20,1,Anabelle,2021-12-25
992,11:00:00,13:10:20,1,Anabelle,2021-12-25
993,14:00:00,16:10:20,1,Anabelle,2021-12-25
994,17:00:00,19:10:20,1,Anabelle,2021-12-25
995,20:00:00,22:10:20,1,Anabelle,2021-12-25
996,21:00:00,23:10:20,1,Anabelle,2021-12-25
997,8:00:00,10:10:20,2,Anabelle,2021-12-25
998,11:00:00,13:10:20,2,Anabelle,2021-12-25
999,14:00:00,16:10:20,2,Anabelle,2021-12-25
1000,17:00:00,19:10:20,2,Anabelle,2021-12-25
1001,20:00:00,22:10:20,2,Anabelle,2021-12-25
1002,21:00:00,23:10:20,2,Anabelle,2021-12-25
1003,8:00:00,10:10:20,3,Anabelle,2021-12-25
1004,11:00:00,13:10:20,3,Anabelle,2021-12-25
1005,14:00:00,16:10:20,3,Anabelle,2021-12-25
1006,17:00:00,19:10:20,3,Anabelle,2021-12-25
1007,20:00:00,22:10:20,3,Anabelle,2021-12-25
1008,21:00:00,23:10:20,3,Anabelle,2021-12-25
1009,8:00:00,10:10:20,1,Anabelle,2021-12-26
1010,11:00:00,13:10:20,1,Anabelle,2021-12-26
1011,14:00:00,16:10:20,1,Anabelle,2021-12-26
1012,17:00:00,19:10:20,1,Anabelle,2021-12-26
1013,20:00:00,22:10:20,1,Anabelle,2021-12-26
1014,21:00:00,23:10:20,1,Anabelle,2021-12-26
1015,8:00:00,10:10:20,2,Anabelle,2021-12-26
1016,11:00:00,13:10:20,2,Anabelle,2021-12-26
1017,14:00:00,16:10:20,2,Anabelle,2021-12-26
1018,17:00:00,19:10:20,2,Anabelle,2021-12-26
1019,20:00:00,22:10:20,2,Anabelle,2021-12-26
1020,21:00:00,23:10:20,2,Anabelle,2021-12-26
1021,8:00:00,10:10:20,3,Anabelle,2021-12-26
1022,11:00:00,13:10:20,3,Anabelle,2021-12-26
1023,14:00:00,16:10:20,3,Anabelle,2021-12-26
1024,17:00:00,19:10:20,3,Anabelle,2021-12-26
1025,20:00:00,22:10:20,3,Anabelle,2021-12-26
1026,21:00:00,23:10:20,3,Anabelle,2021-12-26
1027,8:00:00,10:10:20,1,Anabelle,2021-12-27
1028,11:00:00,13:10:20,1,Anabelle,2021-12-27
1029,14:00:00,16:10:20,1,Anabelle,2021-12-27
1030,17:00:00,19:10:20,1,Anabelle,2021-12-27
1031,20:00:00,22:10:20,1,Anabelle,2021-12-27
1032,21:00:00,23:10:20,1,Anabelle,2021-12-27
1033,8:00:00,10:10:20,2,Anabelle,2021-12-27
1034,11:00:00,13:10:20,2,Anabelle,2021-12-27
1035,14:00:00,16:10:20,2,Anabelle,2021-12-27
1036,17:00:00,19:10:20,2,Anabelle,2021-12-27
1037,20:00:00,22:10:20,2,Anabelle,2021-12-27
1038,21:00:00,23:10:20,2,Anabelle,2021-12-27
1039,8:00:00,10:10:20,3,Anabelle,2021-12-27
1040,11:00:00,13:10:20,3,Anabelle,2021-12-27
1041,14:00:00,16:10:20,3,Anabelle,2021-12-27
1042,17:00:00,19:10:20,3,Anabelle,2021-12-27
1043,20:00:00,22:10:20,3,Anabelle,2021-12-27
1044,21:00:00,23:10:20,3,Anabelle,2021-12-27
1045,8:00:00,10:10:20,1,Anabelle,2021-12-28
1046,11:00:00,13:10:20,1,Anabelle,2021-12-28
1047,14:00:00,16:10:20,1,Anabelle,2021-12-28
1048,17:00:00,19:10:20,1,Anabelle,2021-12-28
1049,20:00:00,22:10:20,1,Anabelle,2021-12-28
1050,21:00:00,23:10:20,1,Anabelle,2021-12-28
1051,8:00:00,10:10:20,2,Anabelle,2021-12-28
1052,11:00:00,13:10:20,2,Anabelle,2021-12-28
1053,14:00:00,16:10:20,2,Anabelle,2021-12-28
1054,17:00:00,19:10:20,2,Anabelle,2021-12-28
1055,20:00:00,22:10:20,2,Anabelle,2021-12-28
1056,21:00:00,23:10:20,2,Anabelle,2021-12-28
1057,8:00:00,10:10:20,3,Anabelle,2021-12-28
1058,11:00:00,13:10:20,3,Anabelle,2021-12-28
1059,14:00:00,16:10:20,3,Anabelle,2021-12-28
1060,17:00:00,19:10:20,3,Anabelle,2021-12-28
1061,20:00:00,22:10:20,3,Anabelle,2021-12-28
1062,21:00:00,23:10:20,3,Anabelle,2021-12-28
1063,08:00:00,N/A,1,N/A,2021-12-29
1064,11:00:00,N/A,1,N/A,2021-12-29
1065,14:00:00,N/A,1,N/A,2021-12-29
1066,17:00:00,N/A,1,N/A,2021-12-29
1067,20:00:00,N/A,1,N/A,2021-12-29
1068,21:00:00,N/A,1,N/A,2021-12-29
1069,08:00:00,N/A,2,N/A,2021-12-29
1070,11:00:00,N/A,2,N/A,2021-12-29
1071,14:00:00,N/A,2,N/A,2021-12-29
1072,17:00:00,N/A,2,N/A,2021-12-29
1073,20:00:00,N/A,2,N/A,2021-12-29
1074,21:00:00,N/A,2,N/A,2021-12-29
1075,08:00:00,N/A,3,N/A,2021-12-29
1076,11:00:00,N/A,3,N/A,2021-12-29
1077,14:00:00,N/A,3,N/A,2021-12-29
1078,17:00:00,N/A,3,N/A,2021-12-29
1079,20:00:00,N/A,3,N/A,2021-12-29
1080,21:00:00,N/A,3,N/A,2021-12-29
1081,08:00:00,N/A,1,N/A,2021-12-30
1082,11:00:00,N/A,1,N/A,2021-12-30
1083,14:00:00,N/A,1,N/A,2021-12-30
1084,17:00:00,N/A,1,N/A,2021-12-30
1085,20:00:00,N/A,1,N/A,2021-12-30
1086,21:00:00,N/A,1,N/A,2021-12-30
1087,08:00:00,N/A,2,N/A,2021-12-30
1088,11:00:00,N/A,2,N/A,2021-12-30
1089,14:00:00,N/A,2,N/A,2021-12-30
1090,17:00:00,N/A,2,N/A,2021-12-30
1091,20:00:00,N/A,2,N/A,2021-12-30
1092,21:00:00,N/A,2,N/A,2021-12-30
1093,08:00:00,N/A,3,N/A,2021-12-30
1094,11:00:00,N/A,3,N/A,2021-12-30
1095,14:00:00,N/A,3,N/A,2021-12-30
1096,17:00:00,N/A,3,N/A,2021-12-30
1097,20:00:00,N/A,3,N/A,2021-12-30
1098,21:00:00,N/A,3,N/A,2021-12-30
